no,date,time,area,location,category,detail,lat,lon
1,2025/04/05,17時00分,七二会,七二会乙地籍内,目撃,住宅付近で目撃したが山に入っていった,,
2,2025/04/11,7時20分,信更,久米路バス停西方向,目撃,道路から山に登っていくのを目撃した,,
3,2025/04/12,10時20分,信州新町,大花見池北方向,目撃,自動車とぶつかりそうになった,35.0045006,135.7592793
4,2025/04/16,10時00分,信州新町,新町秋葉遊園地北方向,目撃,集落付近から西側の山に入っていった,35.0045006,135.7592793
5,2025/04/17,18時00分,小田切,下山田中区公会堂西方向,目撃,道路付近にて目撃した,35.0035554,135.756796
6,2025/04/21,11時30分,第二,地附山公園南方向,目撃,公園に隣接するリンゴ畑にて目撃した,34.9327031,135.7582559
7,2025/04/22,11時30分,芋井,飯縄東区バス停北東方向,目撃,集落付近にて目撃した,,
8,2025/04/25,14時30分,小田切,塩生乙の冷鉱泉北東方向,目撃,住宅の裏にいるのを目撃した,,
9,2025/04/30,4時00分,安茂里,正覚院入り口バス停西方向,目撃,墓地付近から北側の山に行った,,
10,2025/05/03,6時00分,戸隠,戸隠森林植物園付近,目撃,施設付近にて目撃した,,
11,2025/05/09,8時00分,戸隠,戸隠森林植物園付近,目撃,施設付近にて目撃した,,
12,2025/05/09,13時30分,戸隠,戸隠森林植物園付近,目撃,施設付近にて目撃した,,
13,2025/05/09,14時00分,芋井,池平バス停付近,目撃,林内にいるのを目撃した,,
14,2025/05/11,4時45分,戸隠,戸隠森林植物園付近,出没,入口付近に親子の足跡があった,,
15,2025/05/13,14時40分,戸隠,戸隠森林植物園付近,目撃,施設付近にて目撃した,,
16,2025/05/15,10時45分,芋井,桜バス停南方向,目撃,道路上から山林に入っていった,,
17,2025/05/19,7時50分,第一,上杉謙信物見の岩付近,目撃,林内にて目撃した,,
18,2025/05/27,11時30分,戸隠,地蔵峠公衆トイレ付近,目撃,道路を横切って林内に入っていった,,
19,2025/05/29,16時15分,芋井,飯綱分署南方向,目撃,道路を横切り林内に入っていった,34.9963669,135.7649638
20,2025/06/02,17時00分,浅川,飯縄東区バス停北東方向,目撃,道路を横切り林内に入っていった,,
21,2025/06/03,16時15分,信州新町,福土バス停付近,目撃,道路から山に登っていくところを目撃した,,
22,2025/06/04,4時50分,信州新町,日原郵便局西方向,目撃,道路から山林に入っていった,35.0045006,135.7592793
23,2025/06/04,4時50分,信州新町,市道新間線付近,目撃,道路から山に登っていくところを目撃した,35.0308914,135.7561454
24,2025/06/04,11時10分,第一,大峰斎場西方向,目撃,道路上にクマがにいるのを目撃した,35.0027785,135.76448
25,2025/06/04,12時10分,浅川,長野県環境保全研究所付近,目撃,道路上に子グマがいるのを目撃した,,
26,2025/06/04,13時40分,松代,牧内砂防ダム付近,目撃,クマを目撃した,,
27,2025/06/04,18時20分,第一,七曲りトンネル北方向,目撃,道路から山林に入っていった,,
28,2025/06/05,8時15分,小田切,清岳神社奥宮西方向,目撃,道路を横切っていった,,
29,2025/06/05,16時30分,第一,往生地御嶽山神社付近,目撃,道路から山に登っていくのを目撃した,35.0107872,135.7525876
30,2025/06/06,6時00分,戸隠,戸隠森林植物園付近,目撃,施設付近にて目撃した,,
31,2025/06/06,7時50分,戸隠,銚子口バス停付近,目撃,道路から山に登っていくのを目撃した,,
32,2025/06/06,10時40分,第一,往生地御嶽山神社付近,目撃,道路から山に登っていくのを目撃した,35.0107872,135.7525876
33,2025/06/07,10時10分,鬼無里,萩の峯付近,目撃,道路付近で目撃した,,
34,2025/06/07,17時30分,松代,地蔵峠山頂付近,目撃,道路付近の山林にて目撃した,,
35,2025/06/09,11時00分,松代,瀬関バス停東方向,目撃,畑の山林側付近で目撃した,,
36,2025/06/13,8時17分,戸隠,折橋付近,目撃,クマを目撃した,35.0035554,135.756796
37,2025/06/13,11時00分,戸隠,上祖山バス停南方向,目撃,採石場跡地にいるのを目撃した,,
38,2025/06/13,19時10分,松代,松代福祉寮付近,目撃,クマを目撃した,,
39,2025/06/16,8時40分,信州新町,細尾バス停付近,出没,山に入っていった,,
40,2025/06/18,11時45分,信州新町,大久保バス停付近,目撃,山に登って行くのを目撃した,,
41,2025/06/22,17時50分,若穂,西光寺北方向,目撃,山に入っていった,,
42,2025/06/22,19時15分,松代,赤池付近,目撃,山へ入っていった,35.0235553,135.7414358
43,2025/06/22,19時20分,松代,般若寺公会堂付近,目撃,クマを目撃した,35.0235553,135.7414358
44,2025/06/24,7時10分,若穂,山内上橋付近,目撃,河川沿いを歩いていた,,
45,2025/06/24,15時00分,鬼無里,内裏屋敷南方向,目撃,道路に飛び出したが山に入っていった,35.0158633,135.7564515
46,2025/06/25,23時10分,松代,柴バス停東方向,目撃,山へ入って行った,,
47,2025/06/27,7時50分,戸隠,戸隠森林植物園付近,目撃,施設付近にて目撃した,,
48,2025/06/30,5時30分,戸隠,戸隠地質化石博物館西方向,目撃,車の前を走っていき山に入った,34.9963669,135.7649638
49,2025/07/04,17時00分,戸隠,宮前神社東方向,目撃,県道を横切って水田に向かっていった,35.0035554,135.756796
50,2025/07/06,17時00分,戸隠,矢本八幡宮東南方向,目撃,路上から竹林に入っていった,,
51,2025/07/07,2時30分,戸隠,戸隠神社宝光社南方向,出没,住宅周辺を荒らされた,,
52,2025/07/09,8時30分,豊野,白坂峠一里塚北方向,目撃,道路を横切り藪の中に入っていった,,
53,2025/07/10,8時30分,浅川,浅川ダム左岸付近,目撃,子グマが山に入っていった,,
54,2025/07/11,5時15分,篠ノ井,平久保橋付近,目撃,クマを目撃した,,
55,2025/07/11,10時00分,中条,白鳩八幡社南方向,出没,作業中に樹上からクマの唸り声が聞こえた,,
56,2025/07/15,6時00分,篠ノ井,四野宮交差点付近,目撃,クマを目撃した,,
57,2025/07/15,8時00分,篠ノ井,真蔵寺北西方向,目撃,墓地で目撃し、山に入っていった,,
58,2025/07/16,4時00分,若穂,塚本バス停南方向,目撃,親子グマを目撃した,,
59,2025/07/17,13時00分,浅川,飯綱トンネル北出口付近,目撃,道路から山に入っていった,,
60,2025/07/18,15時30分,芋井,大峰斎場西方向,目撃,道路を横切り山林に入っていった,34.9963669,135.7649638
61,2025/07/20,16時30分,戸隠,戸隠森林植物園付近,目撃,施設付近にて目撃した,,
62,2025/07/21,22時10分,第一,七曲りトンネル一本松付近,目撃,道路から山林に入っていった,,
63,2025/07/23,―,戸隠,鏡池入口バス停東方向,出没,敷地内のグリ-ストラップを荒らされた,,
64,2025/07/24,13時15分,鬼無里,小牧入口バス停付近,目撃,道路付近にいるのを目撃した,,
65,2025/07/24,16時00分,小田切,小田切口バス停付近,目撃,クマを目撃した,,
66,2025/07/25,5時50分,小田切,西裾花台団地バス停西方向,目撃,クマを目撃した,,
67,2025/07/25,10時30分,浅川,兜千枚田南方向,目撃,路上にて子グマを目撃した,34.9333966,135.7586426
68,2025/07/26,10時00分,信更,氷野田神社北方向,目撃,道路付近で目撃した,,
69,2025/07/27,16時00分,戸隠,宝光社バス停南西方向,目撃,施設内の駐車場に子グマがいた,,
70,2025/07/28,5時00分,信州新町,里穂刈団地付近,目撃,山に入っていった,,
71,2025/07/28,16時30分,戸隠,宝光社バス停南東方向,出没,住宅敷地内の犬の餌を食べられた,,
72,2025/07/30,16時20分,松代,関崎橋東詰信号付近,目撃,子グマが千曲川方向に向かっていった,,
73,2025/08/01,10時16分,信更,氷野田神社北方向,目撃,農道で目撃した,,
74,2025/08/01,11時20分,戸隠,戸隠道熊野の塔付近,目撃,子グマが道路を横切って行った,,
75,2025/08/01,15時25分,若槻,若槻大池北方向,目撃,路上で目撃した,34.9963669,135.7649638
76,2025/08/02,―,戸隠,伊勢社北方向,出没,とうもろこし畑を荒らされた,35.0035554,135.756796
77,2025/08/03,15時45分,浅川,飯綱トンネル北出口付近,目撃,木に登っていたが山に入っていった,,
78,2025/08/03,17時50分,松代,関崎橋付近,目撃,千曲川河川敷から川に入って泳ぎ去った,35.0235553,135.7414358
79,2025/08/04,5時50分,芋井,新安神社北方向,目撃,竹林から山に入っていった,35.0035554,135.756796
80,2025/08/04,11時55分,更北,更北体育館南方向,目撃,道路を横切り河川敷の茂みに入っていった,,
81,2025/08/05,4時50分,若穂,保科温泉南方向,目撃,里地との緩衝帯から山林に入っていった,,
82,2025/08/06,6時20分,中条,市ノ瀬バス停北西方向,目撃,子グマが市道を歩いていた,,
83,2025/08/07,17時40分,芋井,飯綱登山口バス停付近,目撃,山に入っていった,,
84,2025/08/12,14時40分,戸隠,森林植物園探鳥路上付近,目撃,施設付近にて目撃した,,
85,2025/08/12,17時50分,第一,頼朝山トンネル東交差点付近,目撃,子グマが路上を歩いていた,,
86,2025/08/12,―,戸隠,裾花川神社東方向,出没,リンゴ畑を荒らされた,35.0058857,135.7650676
87,2025/08/12,―,戸隠,戸隠キャンプ場東方向,出没,養蜂場を荒らされた,,
88,2025/08/13,13時20分,鬼無里,上平橋付近,目撃,クマを目撃した,35.0045006,135.7592793
89,2025/08/13,15時20分,篠ノ井,十二公民館付近,目撃,クマを目撃した,,
90,2025/08/13,―,松代,宮崎バス停北西方向,出没,ブドウ畑を荒らされた,,
91,2025/08/13,―,松代,虫歌の丘霊園付近,出没,墓地の近くでクマの足跡らしきものを発見した,,
92,2025/08/15,6時50分,篠ノ井,名不知池西方向,目撃,クマを目撃した,,
93,2025/08/16,16時50分,戸隠,奥社参道隋神門付近,目撃,参道を横切って山林に入っていった,,
94,2025/08/17,7時10分,芋井,飯綱山登山者駐車場付近,目撃,登山道方向へ走っていった,35.0094694,135.7615093
95,2025/08/17,10時50分,七二会,大安寺大門バス停東方向,目撃,道路を横切っていった,,
96,2025/08/18,8時20分,芋井,隠滝不動尊東方向,目撃,子グマが山に入っていった,34.9350961,135.7637241
97,2025/08/18,17時30分,戸隠,戸隠チビッ子忍者村付近,目撃,道路を横切って山林に入っていった,,
98,2025/08/19,13時15分,戸隠,鏡池駐車場付近,目撃,道を横切って森の中へ入って行った,34.9333966,135.7586426
99,2025/08/19,15時00分,大豆島,落合橋大豆島河川敷,目撃,子グマが河川敷から犀川方向に移動していた,35.0332168,135.7515198
100,2025/08/21,7時05分,芋井,飯綱湖入り口バス停付近,目撃,道路を横切って飯綱湖方向へいった,,
101,2025/08/21,10時00分,大豆島,落合橋大豆島河川敷,目撃,子グマを目撃した,35.0332168,135.7515198
102,2025/08/21,14時15分,戸隠,森林植物園駐車場付近,目撃,施設駐車場にて目撃した,,
103,2025/08/21,15時00分,大豆島,落合橋大豆島河川敷,目撃,落合橋を走行中に河川敷にいるのを目撃した,35.0332168,135.7515198
104,2025/08/21,―,松代,松代保健センター北東方向,出没,畑にクマの足跡と思われるものを発見した,,
105,2025/08/22,17時10分,戸隠,戸隠キャンプ場北東方向,目撃,道を横切って森の中へ入って行った,,
106,2025/08/23,12時30分,芋井,バードライン大谷地湿原付近,目撃,道路を横切って山林に入っていった,,
107,2025/08/24,5時30分,戸隠,戸隠キャンプ場付近,目撃,親子グマを目撃した,,
108,2025/08/25,10時00分,若穂,綿内トンネル東側付近,目撃,子グマ２頭が山林に入っていった,,
109,2025/08/26,7時50分,浅川,長野県環境保全研究所北方向,目撃,親子グマを目撃した,,
110,2025/08/29,17時00分,若穂,落合運動場付近,目撃,運動場付近で茂みに入っていった,,
111,2025/08/29,18時10分,若穂,落合運動場付近,目撃,運動場付近で茂みに入っていった,,
112,2025/08/29,―,松代,宮野平自然の森北西方向,出没,夜間に住宅の納屋が荒らされた,,
113,2025/08/31,8時00分,芋井,十二神社東方向,目撃,クマを目撃した,,
114,2025/09/06,12時30分,戸隠,上祖山振興館北方向,目撃,クマを目撃した,35.0158633,135.7564515
115,2025/09/08,4時30分,大岡,大岡乙門増地籍付近,目撃,クマを目撃した,,
116,2025/09/10,8時30分,若穂,サルスベリの丘北東付近,目撃,農地から山林に入っていった,,
117,2025/09/13,22時30分,戸隠,戸隠中社東付近,目撃,クマが森に入っていった。,35.003555,135.7576347
118,2025/09/14,18時00分,鬼無里,牛平橋付近,目撃,クマが道路を横断していった,35.0040011,135.7568619
119,2025/09/16,8時30分,信州新町,水内変電所南付近,目撃,クマが水田にいたが山に逃げていった,35.0040011,135.7568619
120,2025/09/17,12時15分,松代,地蔵峠第12カーブ付近,目撃,小型のクマが車道を横切っていった,,
121,2025/09/19,7時45分,松代,豊栄交差点北東付近,目撃,クマを目撃した,,
122,2025/09/24,16時58分,若穂,山内上橋付近,目撃,果樹園にクマがいるのを目撃した,,
123,2025/09/25,17時20分,第二,妙法寺竹林付近,目撃,クマを目撃した,35.0117708,135.7586725
124,2025/09/26,6時10分,松代,豊栄浄水場西付近,目撃,クマが山林に入っていった,35.0235553,135.7414358
125,2025/09/27,6時00分,戸隠,尾上バス停付近,出没,畑で作業中にクマに遭遇し負傷した,,
126,2025/09/29,8時00分,大岡,ひなたバイモ畑展望台付近,目撃,子グマが歩いているのを目撃した,,
127,2025/09/30,5時00分,戸隠,諏訪社北東付近,目撃,クマが市道を歩いていた。,34.9963669,135.7649638
128,2025/09/30,6時45分,若穂,山内上橋付近,目撃,畑でクマを目撃した,,
129,2025/10/01,15時35分,松代,大室公民館東方向山林,目撃,防護フェンスの山側で親子グマを目撃,,
130,2025/10/04,7時30分,鬼無里,財又橋南側付近,目撃,クマを目撃した,35.0121362,135.7706717
131,2025/10/06,5時30分,松代,中村公民館付近,目撃,クマを目撃した,,
132,2025/10/06,13時00分,鬼無里,山大公民館付近,目撃,クマを目撃した,,
133,2025/10/07,5時30分,若穂,山内下橋南東付近,目撃,クマを目撃した,,
134,2025/10/07,11時50分,松代,入組南バス停南東付近,目撃,山側の畑にクマのようなものがいたが山に入っていった,,
135,2025/10/07,16時30分,中条,根踏バス停付近,目撃,クマが柿の木から降りて山林に向かった,,
136,2025/10/07,10時00分,戸隠,戸隠西岳登山道中腹,目撃,山中にてクマと遭遇したが林内に逃げていった,35.0035554,135.756796
137,2025/10/08,12時00分,信州新町,穴平振興館付近,目撃,柿の木付近にいるのを目撃した,,
138,2025/10/08,17時15分,若穂,山内上橋西付近,目撃,クマが畑にいるのを目撃した,,
139,2025/10/08,21時49分,第二,伊勢社南付近,出没,住宅裏の畑に設置している監視カメラにクマが移っていた,34.9920865,135.7645794
140,2025/10/08,12時00分,戸隠,森林植物園北側付近,目撃,森林植物園管理者からの報告,,
141,2025/10/08,14時15分,戸隠,折橋公衆トイレ東方向,目撃,路上から山に入っていった,,
142,2025/10/09,9時30分,若穂,長田神社南付近,目撃,クマを目撃した。農地でリンゴを食べていた模様,,
143,2025/10/10,22時40分,浅川,押田入口バス停付近,目撃,クマを目撃した,,
144,2025/10/10,23時15分,第二,湯谷小学校付近,目撃,クマを目撃した,34.9942672,135.7568066
145,2025/10/11,2時30分,第一,善光寺付近,目撃,クマを目撃した,35.0027785,135.76448
146,2025/10/11,9時00分,豊野,鷲寺多目的共同集会所北東方向,目撃,農地から道路を横切るのを目撃した,,
147,2025/10/11,22時10分,若穂,若穂中学校付近,目撃,山林に入るのを目撃した,,
148,2025/10/11,23時50分,第一,長野商業高校バス停付近,目撃,クマを目撃した,,
149,2025/10/12,6時00分,小田切,国見公会堂南方向,目撃,道路を横切るのを目撃した,34.9963669,135.7649638
150,2025/10/12,9時30分,七二会,飯縄神社付近,目撃,クマを目撃した,,
151,2025/10/12,9時50分,浅川,長野市霊園入り口付近,目撃,監視カメラにクマが映っていた,,
152,2025/10/13,7時15分,若穂,西光寺付近,目撃,クマを目撃した,,
153,2025/10/14,5時35分,豊野,大倉交差点付近,目撃,クマを目撃した,,
154,2025/10/14,4時30分,戸隠,上野中村バス停南付近,目撃,クマを目撃した,,
155,2025/10/15,5時00分,大岡,柿挟地籍付近,目撃,クマが柿の木に上っているのを目撃した,35.0235553,135.7414358
156,2025/10/15,10時00分,松代,中道島交差点付近,目撃,クマが国道を横切っていった,,
157,2025/10/15,11時00分,芋井,広瀬バス停付近,目撃,子グマを目撃、広瀬方面に逃げていった,,
158,2025/10/15,15時15分,中条,持畔地籍付近,出没,市道上でクマの糞を発見した,,
159,2025/10/15,4時30分,戸隠,奥社参道隋神門付近,目撃,森林植物園管理者からの報告,,
160,2025/10/16,11時45分,松代,離山神社付近,目撃,クマを目撃したが山のほうに逃げた,35.0031377,135.7634905
161,2025/10/16,15時00分,中条,持畔バス停付近,目撃,クマが柿の木に上っているのを目撃した,,
162,2025/10/16,14時00分,戸隠,参宮橋北詰付近,目撃,路上をクマが歩いていた,,
163,2025/10/18,0時00分,信州新町,三峰神社西付近,目撃,道路を横切って山に向かうのを目撃した,,
164,2025/10/18,3時20分,若穂,綿内町中央公園東側付近,目撃,クマを目撃した,,
165,2025/10/18,17時00分,信州新町,史跡 麻煮の釜屋西付近,目撃,住宅の裏手で目撃したが山に向かった,,
166,2025/10/19,5時40分,中条,横道バス停付近,目撃,クマが山の斜面を登って行くのを目撃した,,
167,2025/10/19,7時15分,浅川,飯綱トンネル北出入口付近,目撃,道路脇で子グマを目撃した,,
168,2025/10/20,15時30分,松代,西条砂防ダムあずまや付近,目撃,クマを目撃したが山に向かった,,
169,2025/10/20,18時00分,鬼無里,西京健康スポーツセンター西付近,目撃,道路上にクマがいるのを目撃した,,
170,2025/10/20,18時00分,信更,桜井地籍付近県道上,目撃,クマが道路を横切っていくのを目撃した,,
171,2025/10/21,12時00分,信州新町,追沢入口バス停西付近,目撃,クマが集落内を抜けて山に入っていった,,
172,2025/10/21,21時30分,信州新町,秋葉遊園地東付近,目撃,西側の山のほうに走っていった,35.0087845,135.7622505
173,2025/10/21,―,中条,月夜棚地籍付近,出没,クマの足跡や糞があるのを確認した,,
174,2025/10/22,17時05分,信州新町,水内二丁目バス停付近,目撃,クマが山に登って行くのを目撃した,,
175,2025/10/23,12時00分,鬼無里,奥裾花橋北西付近,目撃,子グマが水を飲んでいるのを目撃した,,
176,2025/10/23,15時20分,鬼無里,奥裾花観光センター南付近,目撃,クマを目撃した,,
177,2025/10/23,18時00分,鬼無里,足出洞門付近,目撃,クマが道路を横切って山林に入っていった,35.0058857,135.7650676
178,2025/10/24,14時15分,信州新町,長沢会所バス停南東付近,目撃,クマが山を登って行くのを目撃した,,
179,2025/10/25,8時00分,戸隠,森林植物園入口広場付近,目撃,森林植物園管理者からの報告,,
180,2025/10/27,5時30分,鬼無里,岩下橋付近,目撃,道路を横切って西方向に行った,35.0332168,135.7515198
181,2025/10/27,5時30分,信州新町,岩下バス停付近,目撃,岩下バス停から当信川方向に行った,,
182,2025/10/27,16時55分,若穂,長福寺墓地南付近,目撃,リンゴ畑にて親子グマを目撃した,35.3423901,136.8539837
183,2025/10/28,11時15分,小田切,深沢区公会堂付近,目撃,県道から川を挟んで西側の山林にいるのを目撃,,
184,2025/10/28,14時00分,中条,沢尻地籍付近,出没,住宅付近の柿の木の食害とクマの糞を確認した,,
185,2025/10/28,15時15分,松代,音無川排水機場付近,目撃,東方向の山林に入っていくのを目撃した,,
186,2025/10/28,17時10分,小田切,伊勢社付近,目撃,クマが山林に入って行くのを目撃した,35.0035554,135.756796
187,2025/10/29,15時00分,信州新町,細尾公民館東方向,目撃,クマが柿の木に上っているのを目撃した,,
188,2025/10/29,17時30分,小田切,小田切支所北付近,目撃,道路沿いで親子グマを目撃した,35.0035554,135.756796
189,2025/10/30,10時35分,信州新町,古宿地籍付近,目撃,道路を横切って沢へ向かっていった,,
190,2025/10/30,15時30分,信州新町,新町バス停北方向,目撃,クマが柿の木に上っているのを目撃した,,
191,2025/10/30,16時50分,信州新町,尾崎地籍付近,目撃,道路を横切って沢へ向かっていった,35.0235553,135.7414358
192,2025/10/31,16時30分,松代,豊栄橋付近,目撃,路上からガードレールを超えて逃げていった,35.0235553,135.7414358
193,2025/10/31,9時00分,戸隠,森林植物園シラカバ平付近,目撃,森林植物園管理者からの報告,,
194,2025/10/31,―,戸隠,尾上バス停南付近,出没,生ごみ処理器具が壊された,,
